{
  "model_type": "CIFAR10_DeepDropoutCNN",
  "model_kwargs": {
    "input_shape": [3, 126, 126],
    "conv_channels": [320, 320, 640, 640, 960, 960, 1280, 1280, 1600, 1600, 1920, 1920],
    "dropout_schedule": [0.0, 0.0, 0.1, 0.1, 0.2, 0.2, 0.3, 0.3, 0.4, 0.4, 0.5, 0.5],
    "activation_fn_name": "LeakyReLU"
  },
  "optimizer": {
    "name": "Adam",
    "kwargs": {
      "lr": 0.001
    }
  },
  "criterion": {
    "name": "CrossEntropyLoss",
    "kwargs": {}
  },
  "lr_scheduler": {
    "name": "ReduceLROnPlateau",
    "kwargs": {
      "mode": "min",
      "factor": 0.5,
      "patience": 3,
      "threshold": 1e-5,
      "cooldown": 0,
      "min_lr": 1e-6,
      "verbose": true
    }
  },
  "augmentation": {
    "mode": "both",
    "mixup_alpha": 0.4,
    "cutout_size": 8
  },
  "grayscale": false,
  "Resize": [126,126]
}