{
    "model_type": "CIFAR10_DenseNet121",
    "optimizer": {
      "name": "Adam",
      "kwargs": {
        "lr": 0.001
      }
    },
    "criterion": {
      "name": "CrossEntropyLoss",
      "kwargs": {}
    },
    "lr_scheduler": {
      "name": "ReduceLROnPlateau",
      "kwargs": {
        "mode": "min",
        "factor": 0.5,
        "patience": 3,
        "threshold": 1e-5,
        "cooldown": 0,
        "min_lr": 1e-6,
        "verbose": true
      }
    },
    "augmentation": {
      "mode": "both",
      "mixup_alpha": 0.4,
      "cutout_size": 8
    },
    "grayscale": false
}