{
    "model_type": "CIFAR10_ResNet18",
    "use_pretrained": false,
    "freeze_backbone": false,
    "classifier_dropout": 0.3,
    "criterion": {
        "name": "CrossEntropyLoss",
        "kwargs": {}
      },
      "lr_scheduler": {
        "name": "ReduceLROnPlateau",
        "kwargs": {
          "mode": "min",
          "factor": 0.5,
          "patience": 3,
          "threshold": 1e-5,
          "cooldown": 0,
          "min_lr": 1e-6,
          "verbose": true
        }
      },
      "augmentation": {
        "mode": "both",
        "mixup_alpha": 0.4,
        "cutout_size": 8
      },
      "grayscale": false
}

